{
  "backend\\config.py": 1775696949.1469514,
  "backend\\run_pipeline.py": 1775745564.81581,
  "backend\\api\\app.py": 1775697240.483884,
  "backend\\api\\helpers.py": 1775697007.5599976,
  "backend\\api\\llm_gateway.py": 1774847089.5569544,
  "backend\\api\\pipeline_runner.py": 1775697039.7311,
  "backend\\api\\state.py": 1775713980.8698146,
  "backend\\api\\__init__.py": 1774779171.6235802,
  "backend\\api\\routes\\catalog.py": 1775697075.482223,
  "backend\\api\\routes\\connectors.py": 1775697202.629817,
  "backend\\api\\routes\\data.py": 1775713980.8688154,
  "backend\\api\\routes\\forecasts.py": 1775697105.769259,
  "backend\\api\\routes\\jobs.py": 1775697213.644477,
  "backend\\api\\routes\\llm.py": 1775697226.9786787,
  "backend\\api\\routes\\pipeline.py": 1775697054.2947924,
  "backend\\api\\routes\\upload.py": 1775697178.8417976,
  "backend\\api\\routes\\__init__.py": 1775697047.9718053,
  "backend\\data_cleaning\\cleaner.py": 1775112422.189084,
  "backend\\data_cleaning\\quarantine.py": 1774779171.7591038,
  "backend\\data_cleaning\\__init__.py": 1774779171.7550867,
  "backend\\data_ingestion\\loader.py": 1774779171.7626252,
  "backend\\data_ingestion\\__init__.py": 1774779171.7591038,
  "backend\\evaluation\\metrics.py": 1774779171.7666411,
  "backend\\evaluation\\__init__.py": 1774779171.7626252,
  "backend\\feature_engineering\\features.py": 1774779171.7686524,
  "backend\\feature_engineering\\__init__.py": 1774779171.7666411,
  "backend\\models\\baselines.py": 1774779171.7869554,
  "backend\\models\\forecaster.py": 1774787850.7674723,
  "backend\\models\\lasso_elnet_model.py": 1774787860.7036262,
  "backend\\models\\ridge_model.py": 1774779171.7894156,
  "backend\\models\\uncertainty.py": 1774779171.7894156,
  "backend\\models\\__init__.py": 1774779171.7706633,
  "backend\\services\\job_persistence.py": 1775696976.4304469,
  "backend\\services\\__init__.py": 1775696961.0759273,
  "backend\\CLAUDE.md": 1775697288.5297923,
  "backend\\requirements.txt": 1774847127.7781641,
  "frontend\\CLAUDE.md": 1775693146.6849248
}